{"cameraMode":{"drawMode":0,"name":"Shaded","section":"Shading Mode"},"sceneLighting":true,"audioPlay":false,"sceneViewState":{"showFog":true,"showMaterialUpdate":true,"showSkybox":true,"showFlares":true,"showImageEffects":true,"showParticleSystems":true},"in2DMode":false,"pivot":{"x":-0.01899999938905239,"y":2.0810000896453859,"z":-8.46896743774414},"rotation":{"x":0.12316308915615082,"y":0.12762218713760377,"z":-0.01590774953365326,"w":0.9840735197067261},"size":4.3564252853393559,"orthographic":true}