{"cameraMode":{"drawMode":0,"name":"Shaded","section":"Shading Mode"},"sceneLighting":true,"audioPlay":false,"sceneViewState":{"showFog":true,"showMaterialUpdate":true,"showSkybox":true,"showFlares":true,"showImageEffects":true,"showParticleSystems":true},"in2DMode":false,"pivot":{"x":-5.960464477539063e-8,"y":1.4608356952667237,"z":-8.46896743774414},"rotation":{"x":0.1323341578245163,"y":-0.10480102896690369,"z":0.014423346146941185,"w":0.9856387376785278},"size":1.3319594860076905,"orthographic":true}