{"cameraMode":{"drawMode":0,"name":"Shaded","section":"Shading Mode"},"sceneLighting":true,"audioPlay":false,"sceneViewState":{"showFog":true,"showMaterialUpdate":true,"showSkybox":true,"showFlares":true,"showImageEffects":true,"showParticleSystems":true},"in2DMode":false,"pivot":{"x":-5.960464477539063e-8,"y":1.4608356952667237,"z":-8.46896743774414},"rotation":{"x":0.13898248970508576,"y":0.03620954975485802,"z":-0.004752888809889555,"w":0.9897237420082092},"size":1.4459114074707032,"orthographic":true}