{"cameraMode":{"drawMode":0,"name":"Shaded","section":"Shading Mode"},"sceneLighting":true,"audioPlay":false,"sceneViewState":{"showFog":true,"showMaterialUpdate":true,"showSkybox":true,"showFlares":true,"showImageEffects":true,"showParticleSystems":true},"in2DMode":false,"pivot":{"x":-5.960464477539063e-8,"y":1.4608356952667237,"z":-8.46896743774414},"rotation":{"x":0.095560722053051,"y":-0.07552977651357651,"z":0.0076213194988667969,"w":0.992628276348114},"size":1.5748629570007325,"orthographic":true}