{"cameraMode":{"drawMode":0,"name":"Shaded","section":"Shading Mode"},"sceneLighting":true,"audioPlay":false,"sceneViewState":{"showFog":true,"showMaterialUpdate":true,"showSkybox":true,"showFlares":true,"showImageEffects":true,"showParticleSystems":true},"in2DMode":false,"pivot":{"x":-5.960464477539063e-8,"y":1.3588355779647828,"z":-8.46896743774414},"rotation":{"x":-0.06893305480480194,"y":-0.021816043183207513,"z":0.001463215216062963,"w":-0.9974195957183838},"size":1.767514705657959,"orthographic":true}