{"cameraMode":{"drawMode":0,"name":"Shaded","section":"Shading Mode"},"sceneLighting":false,"audioPlay":false,"sceneViewState":{"showFog":true,"showMaterialUpdate":true,"showSkybox":false,"showFlares":true,"showImageEffects":true,"showParticleSystems":true},"in2DMode":false,"pivot":{"x":-1.2999999523162842,"y":-0.010604139417409897,"z":-2.0423948764801027},"rotation":{"x":0.02098129503428936,"y":-0.040480103343725207,"z":0.0008500603144057095,"w":0.9989618062973023},"size":0.13042080402374268,"orthographic":false}