{"cameraMode":{"drawMode":0,"name":"Shaded","section":"Shading Mode"},"sceneLighting":true,"audioPlay":false,"sceneViewState":{"showFog":true,"showMaterialUpdate":true,"showSkybox":true,"showFlares":true,"showImageEffects":true,"showParticleSystems":true},"in2DMode":false,"pivot":{"x":-5.960464477539063e-8,"y":1.4608356952667237,"z":-8.46896743774414},"rotation":{"x":0.20118850469589234,"y":0.2811044752597809,"z":-0.060016464442014697,"w":0.9365394115447998},"size":1.6071118116378785,"orthographic":true}