{"cameraMode":{"drawMode":0,"name":"Shaded","section":"Shading Mode"},"sceneLighting":false,"audioPlay":false,"sceneViewState":{"showFog":true,"showMaterialUpdate":true,"showSkybox":false,"showFlares":true,"showImageEffects":true,"showParticleSystems":true},"in2DMode":false,"pivot":{"x":-0.0012377053499221802,"y":-0.031179681420326234,"z":-0.019060567021369935},"rotation":{"x":0.07338239997625351,"y":-0.037390172481536868,"z":0.002752937376499176,"w":0.9966011047363281},"size":0.06966936588287354,"orthographic":false}